,ID,title,url,company,location,description
0,0, Clinical Trial Web Application Developer, https://ro.indeed.com/pagead/clk?mo=r&ad=-6NYlbfkN0CB8N5f3juMypRT6hlkL0ezAMEB1b8V3TmP-SjC50I5v4PNEPztlyF_9wE8LgXsVGNFTd-sqYMUp3ULYvPGZGIrGFfwGXnFNRwnaO2jmEbMZottTi_xt14W3TK0ooKckcYMn8cWp_Buv5V5Wn-earNy9TIInGSrMVH1cz7Bvy3V8ihXIGJEkLGbkv7mdUOrzkIqYqTurGLIZlaV_k00JW4bdWY6_7KUdnm5WBYKWTepuCE1P72mljcR21Z_dXNj0zD-DBXFDqjW4DUJIcXD_6g_WgJNNQz8_VRsEJvwxOl3g1TpnGMAAH2BAkTwiagX2p1W8yQk_egwY_t-1uGdzxjVXMyGPAMr2VJm7OPeR0lb10x2xLnvBGgMkO-vrN7i7-Q3bg3MLhwCymBe1UpeZGl-yUKu0qr3BdFnsDuCQZkhjwJrMIM28kTmnreMbpGJY0ttj2OxdqJQ7BR913HnIgjKu4vQTxRRYRkyjcfbiN-cooDEyYGx6ssyFwkrtJWVgZUj3bC5hKLdaGjoOhdiTWJu6SmRCvGczN754ueHJfuDeIu_jGaKSEcKVjP1iDtoA9t2_peqF95YKM_PRbpIexvOpKg_QMuutXBbMPSjoM1GpsJpWIaIFMfoPxTWaRjNkbQLmgl_QBl39Q45xZHbOSz-K_DmxketLyflwGymsmu8PMAGiCgjt5cMKiRf0G81GQxcqfVt_77V4EJ1QNjrgMScUFgXAp9MKoZN8aOx41lJ9p8-wDpxz1MkwiU7dJ8zqHm7HpB9ZX-_Dvi4-t3TvUG1Caj_3D_3F3sRslcQsRHqAxB57K1ROVNB4sH8XbRt5TohsKXJHq3sSkFhu6fw_eQqQiaY1VasmDZ5aEDBLNDFCQ8-56_uGCHAE2Y8JD4Wsl_vp8FtAovhcg==&xkcb=SoAU6_M3-ak2PxRUip0LbzkdCdPP&camk=xqnMBGaf-K_Pu37TgkxyjA==&p=0&fvj=0&vjs=3&tk=1i2qmef21lrvm86s&jsa=137&oc=1&sal=0, Everest Clinical Research, București," everest clinical research (“everest”) is a full-service contract research organization (cro) providing a broad range of expertise-based clinical research services to worldwide pharmaceutical, biotechnology, and medical device industries. we serve some of the best-known companies and work with many of the most advanced drugs, biologics, and medical devices in development today.
everest has been an independent cro since 2004 with a strong foundation as a statistical and data management center of excellence. building on this foundation, everest has successfully developed and established itself as a full-service cro. everest’s headquarters are located in markham (greater toronto area), ontario, canada with additional sites in bridgewater (greater new york city area), new jersey, usa, shanghai (pudong zhangjiang new district), china and taipei, taiwan.
everest is known in the industry for its high quality deliverables, superior customer service, and flexibility in meeting clients’ needs. a dynamic organization with an entrepreneurial origin, everest continues to experience exceptional growth and great success.
quality is our backbone, customer-focus is our tradition, flexibility is our strength…that’s us…that’s everest.
to drive continued success in this exciting clinical research field, we are seeking committed, skilled, and customer-focused individuals to join our winning team as a clinical trial web application developefor our august research location in bucharest, romania, with opportunities to work remotely from a home-based office in accordance with our work from home policy.
key accountabilities:
responsible for the design, development, unit testing, systems testing, release, deployment, and maintenance of custom-built java web-applications to meet established client and system requirements.
responsible for a full-stack implementation of a web-application, front-end design and development, business logic and rules implementation, back-end development, and database tables and structure implementation.
work closely with clients and cross-functional team members to understand business and technical requirements that drive the analysis and design of technical solutions.
provide client support and consultation for development, integration as well as advice in areas of expertise. perform unit-level testing of system components and fix bugs.
develop and review supporting technical specifications, design, and documentations to ensure completeness.
develop detailed design of application components, and write maintainable, high-quality code in a timely fashion.
provide code maintenance and support across testing/validation cycles and post-production deployment.
participate in user training and demonstrations of the web application products on an as-needed basis.
support project estimating/planning processes. ensure adherence to system development lifecycle standards.
identify functional and technical application enhancements based on client feedback, internal reviews, and industry leading practices and help to prioritize, plan, and execute ongoing enhancements for the continuous improvements of the system/product.
participate in the evaluation, implementation, and documentation of existing and new web-based business solutions.
contribute to the architectural design and development of a modern, strategic web-based application infrastructure.
support special web development and information and technology (it) initiatives, as needed: web user interface re-design and re-fresh; evaluation and upgrade of server operating systems, hardware, and software requirements; implementation of improved encryption standards for communications to and from secure server applications; optimization of web security infrastructure for user authentication; and authorization to controlled components.
adhere to software development process frameworks and tools (including change control, quality assurance procedures) using leading practices, design patterns, and methodologies.
perform database design, modeling, and database maintenance.
identify and implement security measures for internet applications infrastructure.
perform system validation requirements and procedures for web applications.


qualifications:
a bachelor of science degree in computer science, mathematics or related fields.
eight or more years of experience in relevant field.
architecting re-usable and extendable web-based solutions.
understanding and applying j2ee security, concurrency, transactions, session management, j2ee patterns, owasp, and frameworks to application solutions.
broad experience with various computing platforms (unix and windows).
experience with architecture and design patterns.
experience with component-based development.
requirements gathering and analysis.
software development frameworks and methodologies, including sdlc, waterfall, and agile delivery methods

to find out more about everest clinical research and to review other opportunities, please visit our website at www.ecrscorp.com
we thank all interested applicants, however, only those selected for an interview will be contacted.
everest is committed to upholding the principles of dignity, independence, integration, and equal opportunity. we welcome and encourage applications from people with disabilities, and upon request we will provide accommodations for candidates participating in any part of our recruitment and selection process.

#li-kd1
#li-remote"
13,0, Software Engineer, https://ro.linkedin.com/jobs/view/software-engineer-at-microsoft-3963960686?position=1&pageNum=0&refId=xRWY5%2FyVZaJ7%2BE6cABrdsw%3D%3D&trackingId=Vg44%2FhEYugy8iajND9%2Fk4Q%3D%3D&trk=public_jobs_jserp-result_search-card, Microsoft," Bucharest, Romania"," does thinking at hyper scale excite you? do you love systems design and virtualization technology? do you enjoy contributing to and working in a healthy, diverse, and inclusive work environment? do you like driving new initiatives in a fast-paced organization exploding with growth? if so, then the azure compute hardware platform innovation team is the place for you.

as a software engineer in azure compute, you will define and validate the hardware and virtualization technologies that provide computational capabilities for azure. you will work with partners and customers to deliver innovative solutions and find ways to improve efficiency. this opportunity will allow you to impact millions of users, accelerate your career growth, and constantly learn and wear many hats as you iteratively deliver value to customers.

you will directly contribute to the architecture of new systems as part of the core azure infrastructure, including hardware platforms and virtualization. you will learn about the challenges that affect operations at a global scale and help design and optimize the next generation microsoft azure offerings. you will also learn what it takes to support new business models, applications, and operating models as we bring new customers and partners into the microsoft azure ecosystem.

microsoft’s mission is to empower every person and every organization on the planet to achieve more. as employees we come together with a growth mindset, innovate to empower others, and collaborate to realize our shared goals. each day we build on our values of respect, integrity, and accountability to create a culture of inclusion where everyone can thrive at work and beyond.

responsibilities

works with appropriate stakeholders to determine user requirements for a feature.
supports identification of dependencies, and the development of design documents for a product feature with oversight.
characterizes the performance of hardware components and platforms, and optimizes systems for performance, cost savings, and reliability.
builds and improves automation to aid in performance characterization, lab and scale testing, and onboarding of new hardware platforms.
with guidance, learns to create and implement code for a product, service, or feature reusing code as applicable. assists and learns about breaking down work items into tasks and provides estimation.
acts as a designated responsible individual (dri) in monitoring system/product feature/service for degradation, downtime, or interruptions for simple problems, and recommends actions to restore system/product/service by following the playbook.
reviews current developments and proactively seeks new knowledge that will improve the availability, reliability, efficiency, observability, and performance of products while also driving consistency in monitoring and operations at scale.

qualifications

required qualifications:

bachelor's degree in computer science, or related technical discipline with proven experience coding in languages including, but not limited to, c, c++, c#, java, javascript, or python
or equivalent experience.
other qualifications

microsoft cloud background check: this position will be required to pass the microsoft cloud background check upon hire/transfer and every two years thereafter.

preferred qualifications

bachelor's degree in computer science
or related technical field and technical engineering experience with coding in languages including, but not limited to, c, c++, c#, java, javascript or python
or master's degree in computer science or related technical field with proven experience coding in languages including, but not limited to, c, c++, c#, java, javascript, or python
or equivalent experience.
#azurecorejobs

microsoft is an equal opportunity employer. consistent with applicable law, all qualified applicants will receive consideration for employment without regard to age, ancestry, citizenship, color, family or medical care leave, gender identity or expression, genetic information, immigration status, marital status, medical condition, national origin, physical or mental disability, political affiliation, protected veteran or military status, race, ethnicity, religion, sex (including pregnancy), sexual orientation, or any other characteristic protected by applicable local laws, regulations and ordinances. if you need assistance and/or a reasonable accommodation due to a disability during the application process, read more about requesting accommodations."
1,1, Qt / C++ Junior Software Developer, https://ro.indeed.com/pagead/clk?mo=r&ad=-6NYlbfkN0B-P6lb6asAPRh5J0eT9bZGCTXQV01vY-uoYMOeHwVevsbVM2xdAN0Udhw8bb2zP9SEkTtm45CMBrcJXxtnQLSFmWFWC5XvPbmxACJf2MYFKEl3XRotQjezVJ5Cl8q-yKqmfddDpEHXzmv5QocRu8o9EBpVV8dwaRf1Yfdb7lnLpvtfKCE9vml88BzK80QfJhy--GaFiPLvdOC9DQW7BMYirg3BMb4kZ18lxFMcHc_LB5Pv7cAMhGwaAmVh7HngSN2ftCt8WYNV2MboouPy74-WZGGFnkEco_tM3Fwi1hO4_yGVbaYDpTWESfxEMqWXWXQQukS58vvfniUxnnwL7XM_0ooPPbBhSCYcKAqg0n8BI-2PpGoeXfNB2DwT2ATma4u7UBDJfPGnVSvdh--57u8d21DFN_inRPUIda8MMyc6W2RhOGqo9liMDBRj3XUajrm6bN6eVEr9oR4zM0ukOKz7zSA0EVu05iMgD4iS71Lmjyqk1si-4DC9aaTi0X468M08ZvDZli3lowgeJ19qH-jEj735WZUxACiBFP3A5CUijxDpXFZYWaC9y1J1cQjZ9KDMLPqi8nQt-wNhOAM8t1E_wSjb-ECUi2XYHYIlPKAJZLdf8Q3mZanGssSf7-Kwp6PBUdMRICTZfw7ptSZPupg8ZnY7Dtr-dY5TD_RmZBklDePY04WEykgSPNFAGg26OXhb1thKmPeQ6NyYxvNY85NaGIZGqwXfVaq3uHvPeachIjVpOwHWOWohjFT_muRE6qo=&xkcb=SoCg6_M3-ak2PxRUip0KbzkdCdPP&camk=4HOcmqOLYrBYHmkdNXxvxA==&p=1&fvj=0&vjs=3&tk=1i2qmef21lrvm86s&jsa=137&oc=1&sal=0, Siemens Energy, București," a snapshot of your day
as a junior software developer you will develop, maintain, and extend a pc-based software which is the interface for operation and diagnosis of several complex embedded systems. the software should enable easy operation by the user without neglecting topics such as reliability or it security. the development includes modules for direct access to the embedded systems, the gui for the user, system testing and user documentation.
how you`ll make an impact
you develop and maintain the software tool, together with your colleagues and the development teams of the embedded systems
you stay in touch with the development teams of the embedded systems continuously, to identify new requirements and new features
you realize new functions, modules, and features. this includes testing and documentation
what you bring
you have a bachelor's degree in computer science or similar
you have 2+ years of experience in a software engineering capacity
you have expert knowledge in qt and c/ c++
you have knowledge of network protocols such as tcp, udp and tls
you are an experienced user of devops tooling such as gitlab ci/ cd, jenkins or jfrog
you are an experienced user of open source software and understand advantages and disadvantages as well as the requirements for the software clearing
you have good communication skills, fluent english is required
nice to have
good skills in german
experience with active directory and/ or radius
your opportunities for personal growth
early influence your future organization and drive decisions for the future architecture
develop a network with different internal and external stakeholders
utilize strong partnerships with all leading public cloud providers
create with all necessary partners and stakeholders a new cloud environment
gain further knowledge for cost optimization of a large cloud environment
who is siemens energy-
at siemens energy, we are more than just an energy technology company. we meet the growing energy demand across 90+ countries while ensuring our climate is protected. with more than 92,000 dedicated employees, we not only generate electricity for over 16% of the global community, but we're also using our technology to help protect people and the environment.
our global team is committed to making sustainable, reliable, and affordable energy a reality by pushing the boundaries of what is possible. we uphold a 150-year legacy of innovation that encourages our search for people who will support our focus on decarbonization, new technologies, and energy transformation.
check out our video to see what we do.
find out how you can make a difference at siemens energy: https://lnkd.in/erz94kr2.

our office
siemens energy's location in one cotroceni park is more than just an office space - it's a hub for a vibrant and thriving community. nestled in the heart of bucharest, this urban regeneration development is the perfect place to live and work, surrounded by green spaces, shopping destinations, and everything the city center has to offer. and with the academia militara subway station just a 3-minute walk away, getting around the city has never been easier.
our commitment to diversity
lucky for us, we are not all the same. through diversity we generate power. we run on inclusion and our combined creative energy is fueled by over 130 nationalities. siemens energy celebrates character - no matter what ethnic background, gender, age, religion, identity, or disability. we energize society, all of society, and we do not discriminate based on our differences.
rewards/ benefits
your lunch with se meal tickets
keep your brain fit with our trainings
special for books lovers - bookster
stay safe and healthy with our medical subscription
think about your future too with privat pension pilon iii
take care of yourself with our wellbeing initiatives
we value equal opportunities and welcome applications from people with disabilities.
#li-ip1

.siemens li {line-height: 20px !important;} .siemens p {line-height: 20px !important;margin-left:0px !important;}"
14,1, Software Engineer, https://ro.linkedin.com/jobs/view/software-engineer-at-microsoft-3954890111?position=2&pageNum=0&refId=xRWY5%2FyVZaJ7%2BE6cABrdsw%3D%3D&trackingId=kczcCF%2FZtkJZzdUVbjqLXg%3D%3D&trk=public_jobs_jserp-result_search-card, Microsoft," Bucharest, Romania"," have you ever imagined the world with an infinite amount of storage available and accessible to everyone? a place where everyone in the world can easily access their books/ music/ photos/ video/ any data from anywhere at any time via any means (e.g. mobile phones, tablets, pcs, smart devices, etc). did you ever desire a universally accessible storage system to record all the knowledge known to mankind, to keep all the books/music/videos ever created, or to store all the data collected from all the scientists in the world for them to collaborate upon? do you want to be part of a team that strives to bring these to reality? if so, the microsoft azure storage team is what you are looking for. we are building microsoft’s cloud storage solution - microsoft azure storage, which is a massively scalable, highly distributed, ubiquitously accessible storage system, designed to scale out and serve the entire world. we continue to have tremendous hockey stick growth, we have many exabyte’s of data stored, and are designing and building systems for zettabyte scale to support demand growth for the coming years.

as a software engineer, you will be solving challenges related to durability, availability and concurrency for a distributed system. this opportunity will all you to make high impact changes daily as you build a hyper scale storage system that may indirectly or directly be used daily by your friends and family.

microsoft’s mission is to empower every person and every organization on the planet to achieve more. as employees we come together with a growth mindset, innovate to empower others, and collaborate to realize our shared goals. each day we build on our values of respect, integrity, and accountability to create a culture of inclusion where everyone can thrive at work and beyond.

responsibilities

works with appropriate stakeholders to determine user requirements for a set of features.
contributes to the identification of dependencies, and the development of design documents for a product area with little oversight.
creates and implements code for a product, service, or feature, reusing code as applicable.
contributes to efforts to break down larger work items into smaller work items and provides estimation.
acts as a designated responsible individual (dri) working on-call to monitor system/product feature/service for degradation, downtime, or interruptions and gains approval to restore system/product/service for simple problems.
remains current in skills by investing time and effort into staying abreast of current developments that will improve the availability, reliability, efficiency, observability, and performance of products while also driving consistency in monitoring and operations at scale.

qualifications

required qualifications:

bachelor's degree in computer science or related technical field and technical engineering experience with coding in languages including, but not limited to, c, c++, c#, java, javascript, or python

preferred qualifications

bachelor's degree in computer science or related technical field and technical engineering experience with coding in languages including, but not limited to, c, c++, c#, java, javascript, or python
or master's degree in computer science or related technical field and technical engineering experience with coding in languages including, but not limited to, c, c++, c#, java, javascript, or python
experience and/or subject matter expertise with any of the following:
multi-threaded/parallel programming
storage or file systems
networking and network security
demonstrated excellence in:
software engineering and coding practices
data structures and algorithms
testing, debugging and analytical skills
demonstrated ability to plan, schedule and deliver reliable and performant software

microsoft is an equal opportunity employer. consistent with applicable law, all qualified applicants will receive consideration for employment without regard to age, ancestry, citizenship, color, family or medical care leave, gender identity or expression, genetic information, immigration status, marital status, medical condition, national origin, physical or mental disability, political affiliation, protected veteran or military status, race, ethnicity, religion, sex (including pregnancy), sexual orientation, or any other characteristic protected by applicable local laws, regulations and ordinances. if you need assistance and/or a reasonable accommodation due to a disability during the application process, read more about requesting accommodations."
2,2, Backend Developer, https://ro.indeed.com/pagead/clk?mo=r&ad=-6NYlbfkN0B-P6lb6asAPRh5J0eT9bZGCTXQV01vY-uoYMOeHwVevsbVM2xdAN0Udhw8bb2zP9Q4NbVrpP7Sa_YM-r36YQRBw7zuEdcxlqeD0FsiyTsXfZWI1uP9GBpkzu0GGWJyFytihRz_H9ej93EK4wxAnVEbfQxX22ngsQtiTv3B2HMbnNusYghJ-Da1cyW2YPkA7iMDDwg1rYqaYXUdaEH0yb7IB1HBi_yZregz1pkV7Rgo8XGXhswqGCHAadeGBGAf8hflBy-Us7J_mZ94hiJ1TK0NT1pAb0yuQvgc5SBmgaIgaijz2COq8alHvOeP3m2lYK3OWGqjLPdOz6q_MybIQdER_B7SZbYDV_bRc-aE3fnBMhfEZOfeKkBaI-m3aCoW-F4250H8W3u-Ii98SDD5XXFROnvE6nKUsqp4gPwDL_acP1-bc67pSthUTHgBFgk_3S26NxG-XItVaRXWhnOnqw4GaTQf5S7HRKzEq-6SSgVqo19yEemPozYRjVOWAjWkNKO3fXkBs7Z-4Y8HRpK4qEg9nte5SlIMArj65pVFnQhQdxtlzuJnBkbjbgOG8vn1WkqcKlh7irUKftkcDb8mfxgnznoQa4m5ZM5XX6lMUs-hHc9niW6Fh6ccFLb2dhT3GTwQUHxZvV97DnUvahbWAcues_u855mKn_mOGTw2HzTcfXNy_OY9gg-nOlK3L__hCOZrJwdgRdZYbm-NXAdUurpV0jjBcSmPRwySpcYM-NUCv3xSmzQw47GAuupJamhiqG8=&xkcb=SoA96_M3-ak2PxRUip0JbzkdCdPP&camk=4HOcmqOLYrBYHmkdNXxvxA==&p=2&fvj=0&vjs=3&tk=1i2qmef21lrvm86s&jsa=137&oc=1&sal=0, Siemens Energy, București," how you'll make an impact
we are looking for an experienced core java/backend developer to augment our team for api-based services. we are seeking profiles that have solid experience in java, python, timeseries/sql/nosql databases, api design and aws basics.
the ideal candidate should have a strong understanding of java application development, file and data management using file-base of rdmbs, and a background in programming and data structures. good communication skills are also important, as the developer will work closely with cross-functional teams and communicate technical concepts to non-technical stakeholders.
what you bring
bachelor's degree or higher in computer science or a related technical field.
5+ years of experience.
strong core java skills and development experience.
experience in java frameworks.
api use, design, and development for restful and graphql services.
experience with orchestration services, network discovery and management services is a plus.
experience with python.
database technologies like mysql, postgresql, mongodb, and time series databases such as influxdb and prometheus.
experience with web servers like nginx and apache.
knowledge of code versioning tools such as git.
familiarity with using ci/cd pipelines.
experience with working in containerized environments.
an analytical mind.
about the team
our team belongs to the software engineering and product development function within siemens energy. our mission is to grow the digital software business and develop solutions and products for both internal and external customers.
these solutions include edge computing and applications, on-site sensor technology integration, cloud-based platforms and cloud-based software solutions and applications.
the solutions, applications, and platforms we provide allow data acquired to be used to improve the operation and maintenance of power plants and industrial facilities of all sizes this includes the development of digital twins, analytics platforms and agents, artificial intelligent and machine learning applications and algorithms.

#li-cl1
.siemens li {line-height: 20px !important;} .siemens p {line-height: 20px !important;margin-left:0px !important;}"
15,2, Software Engineer, https://ro.linkedin.com/jobs/view/software-engineer-at-microsoft-3908308912?position=3&pageNum=0&refId=xRWY5%2FyVZaJ7%2BE6cABrdsw%3D%3D&trackingId=P%2FLO32ZXwObVk%2BEw2cxKEQ%3D%3D&trk=public_jobs_jserp-result_search-card, Microsoft," Bucharest, Romania"," the azure core organization has got multiple positions open for software engineers across different teams in microsoft development center in romania.

azure is the fastest-growing business in microsoft’s history and is the foundation of microsoft’s commercial cloud services. the azure core team builds and manages the core platform across compute, storage, and networking services. we have an exciting opportunity for you to innovate and shape the world’s computers, and we encourage you to apply and learn more!

please note: relocation expenses will not be covered as part of this role.

responsibilities

we are looking for talented early to mid-career software engineers to help us deliver highly scalable services and world-class product experiences. we value people who can bring a diverse perspective to our products and where a developer will not just write code but will have a real meaningful impact on the direction of the products and which features to build. in order to achieve this you will:

design, develop, test and support features, experiences and solutions for highly scalable services
develop high quality secure and compliant solutions
support highly available services used by millions of users on a daily basis
analyze how your features are performing in production to learn and make the product better
pair and participate in code reviews with other engineers in your team

qualifications

required qualifications:

experience developing production software
experience with one or more oop languages including but not limited to: c#, java, c/c++,  python
good system design, algorithmic skills, good knowledge of data structures
solid debugging, testing, and problem-solving skills
strong written and verbal communication skills
ability to work cross team and collaborate with others

preferred qualifications

degree in computer science, mathematics, engineering or related fields
experience designing, building and running large scale and highly available cloud services or distributed systems
general database knowledge and experience of working with data at high scale
troubleshooting skills across network, application, caching, queuing, load-balancing storage and distributed services layers
knowledge of azure cloud, power platform, or dynamics 365
engineering expertise in developing and owning kubernetes applications
passion for high-availability, automation, performance and building highly available distributed systems at scale
practice of modern software engineering, including coding standards, code reviews, source control management, build processes, testing, and releasing

note that we are hiring a large number of software engineers. some of this hires will ideally have knowledge in the areas below. this is not required for all.

experience leading end-to-end engineering efforts, from prototyping to final product release
experience with cloud-based data platforms such as azure, databricks, or snowflake
experience with distributed computing frameworks such as hadoop, spark, or flink
proven track of delivering quantifiable business impact through software development and data engineering projects.

may include: ability to meet microsoft, customer and/or government security screening requirements are required for this role. these requirements include, but are not limited to the following specialized security screenings:

microsoft cloud background check: this position will be required to pass the microsoft cloud background check upon hire/transfer and every two years thereafter.

#azurecorejobs

microsoft is an equal opportunity employer. consistent with applicable law, all qualified applicants will receive consideration for employment without regard to age, ancestry, citizenship, color, family or medical care leave, gender identity or expression, genetic information, immigration status, marital status, medical condition, national origin, physical or mental disability, political affiliation, protected veteran or military status, race, ethnicity, religion, sex (including pregnancy), sexual orientation, or any other characteristic protected by applicable local laws, regulations and ordinances. if you need assistance and/or a reasonable accommodation due to a disability during the application process, read more about requesting accommodations."
3,3, Lead Java Developer, https://ro.indeed.com/pagead/clk?mo=r&ad=-6NYlbfkN0B-P6lb6asAPRh5J0eT9bZGCTXQV01vY-uoYMOeHwVevsbVM2xdAN0Udhw8bb2zP9TVSVbgnFx3V1w2iW_ONyPFa-9GWupkipDeevs7drRXcr2q9Nh9X-PZw7pPar7viQc8UXxnIrYhaqR1tNj9_WniqbAozMYKpRJLpO34VxnqIdhXwQSSSVb8N-XVSlluTvg-UejFXrULwcME5TiOy7egsLLL2zNNZ-RhdCBgY4DYI0W2HN_vr_5g2K_mRFr4sViFSDULN49EPOMqxiU-5Dqs3D14ZccKsFdBcTTzduNjya4nGoDc6rhyaacTGnBMKnDZZSfWCA4fdWzfy8viF4BXykCt0PN9cDEu4DWdEdFelxllk-wZvbxDcJYertPXp5fE2ED9HU7Auq5bUV-AHZ9DTYQGIbMSoPF9f0oZOjCMRRKzEW7l6kyIj2Bz49KjkCNCLmwtFB5T_qW-mgM9DvkW6NhVH9ewXxFKnB9940bfAIrUmaYZnq5XHTuy3XoX-9Vk1urmpDHT2bYLFsBL9CNkNuJWQTXn7EIfz_AvadK4Lc5VkmVIW9cBsPs0kZYrHECAlHVA7DQphpaewPxs6ol6v14ZXZgzbjhHrjBK1xmt8FjGFyJJSorWNozJu8XWb6-nKXL-KpajMV2STgUwQIOOg8UtADOiJXS1PE2oFvSOVCz3kOLJqUikG565zDw2ew0tt_-jAc78QKnH73_KnZs7S1lqaAbBYa-MDDHl7bJ2g8pWFOdR1y7Ygky-MjZQ9tE=&xkcb=SoCJ6_M3-ak2PxRUip0IbzkdCdPP&camk=4HOcmqOLYrBYHmkdNXxvxA==&p=3&fvj=0&vjs=3&tk=1i2qmef21lrvm86s&jsa=137&oc=1&sal=0, LSEG Romania, București," overviewthe lead java developer is a member of the agile team responsible for leading a team of skilled, cross-functional software engineers. in this role you will be expected to coordinate system integrations, advocate best practices, mentor less senior team members and provide technical guidance.main responsibilities:
coordinate and contribute hands-on to the technical work assigned to the team.
supervise and implement appropriate remediation paths for technical kpis
collaborate with the agile delivery managers, software engineering managers, the architects and all the other stakeholders to provide robust planning and execution against the assigned deliverables.
contribute to cross-team activities, such as the development of standards and processes, as well as ensuring compliance with these.
serve as a technical point of contact for the team
manage and encourage new ideas from staff to foster improvement through innovation.
build and promote a positive culture and working environment within the team and the organization.
issuing escalation and validation of plans and progress management
contributing to cost and effort estimation as well as support data discovery and analysis
empower the staff to be accountable and responsible for their own actions and decisions.
be accountable for front2back development including devops, lseg pdlc, security, stability, capacity, resiliency, and maintainability
oversee development and unit testing of the application.
sprint planning and attending retrospective call , daily stand-up call for the agile scrum process.
review user stories and acceptance criteria with the team
collaborate closely with qa team for any test/uat releases and agree the test plans.
follow the release management process
providing support for critical production issue.
keeping the technical document and the project artefacts up to date.
review and optimize the performance of the application on java and database side.
provide application l3 support if needed
required skills:
min 5 years experience with building apis and microservices using java
experience with building event-driven solutions
spring framework and related modules such as spring batch, mvc, data access andamp; security.
experience designing and developing microservices in java
experience with building robust integrations
experience with building datastore solutions
experience with cloud native technologies on at least one of the major cloud services providers (aws preferable, google cloud or azure)
experience with building a complete full-stack solution
build automation tools to support ci/cd pipeline
unit and functional testing
git source control
core java experience
databases andamp; sql skills using postgresql
web application frameworks and api technologies e.g. swagger,
backend architectures understanding including integration patterns
key behaviour
be comfortable working in a fast-moving environment where needs evolve rapidly and priorities change
a passion for learning and innovation is critical
ability to apply analytical and creative thought and translate into technical solutions
ability to resolve complex technical issues
excellent communication (written and oral) and interpersonal skills
experience mobilizing and shaping technical teams
interested in the evolution of the equities, fx and derivatives trading landscape.
benefits:we are looking for intellectually curious people, passionate about the bigger picture of how technology industry is evolving, ready to ask difficult questions and deal with complicated scenarios! if you are creative and a problem solver, this is the place to be as will be supporting you to fast-forward your career!we maximise each employee's potential through personal development through a wide range of learning tools both formal and informal. we believe in remunerating our people with competitive salaries and a range of attractive benefits such as:
25 days' holiday per year
1 additional day off for your birthday
annual wellness allowance
share purchase plan
medical health insurance
medical subscription (preventive medical services)
dental coverage
life insurance
pillar 3 private pension
meal vouchers
flexible benefits
bookster
volunteering events
lseg is a leading global financial markets infrastructure and data provider. our purpose is driving financial stability, empowering economies and enabling customers to create sustainable growth.
our purpose is the foundation on which our culture is built. our values of integrity, partnership, excellence and change underpin our purpose and set the standard for everything we do, every day. they go to the heart of who we are and guide our decision making and everyday actions.
working with us means that you will be part of a dynamic organisation of 25,000 people across 65 countries. however, we will value your individuality and enable you to bring your true self to work so you can help enrich our diverse workforce. you will be part of a collaborative and creative culture where we encourage new ideas and are committed to sustainability across our global business. you will experience the critical role we have in helping to re-engineer the financial ecosystem to support and drive sustainable economic growth. together, we are aiming to achieve this growth by accelerating the just transition to net zero, enabling growth of the green economy and creating inclusive economic opportunity.
lseg offers a range of tailored benefits and support, including healthcare, retirement planning, paid volunteering days and wellbeing initiatives.
we are proud to be an equal opportunities employer. this means that we do not discriminate on the basis of anyone's race, religion, colour, national origin, gender, sexual orientation, gender identity, gender expression, age, marital status, veteran status, pregnancy or disability, or any other basis protected under applicable law. conforming with applicable law, we can reasonably accommodate applicantsand#39; and employeesand#39; religious practices and beliefs, as well as mental health or physical disability needs.
please take a moment to read this privacy notice carefully, as it describes what personal information london stock exchange group (lseg) (we) may hold about you, what it's used for, and how it's obtained, your rights and how to contact us as a data subject.
if you are submitting as a recruitment agency partner, it is essential and your responsibility to ensure that candidates applying to lseg are aware of this privacy notice."
16,3, Software Engineer, https://ro.linkedin.com/jobs/view/software-engineer-at-vois-3954558906?position=4&pageNum=0&refId=xRWY5%2FyVZaJ7%2BE6cABrdsw%3D%3D&trackingId=%2BA0%2FWCrU47YC9b5WOfc3qQ%3D%3D&trk=public_jobs_jserp-result_search-card, _VOIS," Bucharest, Romania"," your day to day:
as a senior javascript/typescript engineer, you will play key roles in multiple projects, from tackling the most complex coding activities to mentoring junior team members. your expertise will be critical in the development of web applications that service the deployment and management of the entire vodafone infrastructure. your clean coding skills will enable you to create novel functionality and solve complicated issues. your high-quality work will serve as a powerful example for the other project members, who will look to you for guidance, best-practices and technical leadership.

with these activities you will have a great impact on our business:
develop well-structure code following company standards
document enhancements made and system changes
ability to excel in a distributed team model environment and work on multiple projects simultaneously
ability to set up and develop project teams
provide input to impact analysis on other systems
coordinate the code development and delivery process based on requirements, considering all the aspects of product development life cycle
provide accurate estimates (time & effort) for upcoming features based on specifications
handle 3rd level of support for the applications developed

with these skills you are a great candidate:
high proficiency in javascript and typescript, specifically node.js and react.js
good understanding of front-end technologies, such as html5 and css3
experience with microservices architecture and patterns
understanding the nature of asynchronous programming and its quirks and workarounds (rabbitmq)
experience with sql (oracle sql) and nosql databases (redis)

sounds like the perfect job? we’ve got even more to offer:
work from home – hybrid approach
medical and dental services
life and hospitalization insurance
dedicated employee phone subscription
special discounts for gyms and retailers
annual company bonus
ongoing education – we continuously invest in you to ensure you have everything needed to excel on the job and enhance your skills
you get to work with tried and trusted web-technology
getting in on the ground floor of a technology changing company
flexible vacation – take time off when you need it, we trust you
special paternal program - 4 months of paid paternity leave

we recognize and celebrate the importance of diversity and inclusivity in our workplace so that we are as diverse as the customers and communities we serve. we do not tolerate any form of discrimination especially related to but not limited to race, colour, age, veteran status, gender identification, sexual orientation, pregnancy, ethnicity, disability, religion, political affiliation, trade union membership, nationality, indigenous status, medical condition, hiv status, social origin, cultural background, social or marital status.

worried that you don’t meet all the desired criteria exactly? we are passionate about inclusion for all and creating a workplace where everyone can thrive, whatever their personal or professional background. so, if you’re excited about this role but your experience doesn’t align exactly with every part of the job advert, we encourage you to apply as you may be just the right candidate for this role or another role, and our recruitment team can help see how your skills fit in.

#_vois"
4,4, Junior software developer, https://ro.indeed.com/rc/clk?jk=a1b8bf2caba6b830&bb=WL2FuPauXtgRj_-B89iTvL4gnX2g9Gnrb-FtIs5pDQLfn2RtuR_GGC037TLu_D0PbY3g3qzZGQwOZCkGbwZ0g2InvXB4DckCYys3OfBwxhNqGcRGP3u_VO4GIANoBNqU&xkcb=SoDz67M3-ak2PxRUip0PbzkdCdPP&fccid=08db5573d5d221c0&vjs=3, Primesourcing SRL, București," we are a dynamic company, with a young and passionate team in search of like minded people. if you love tech and want to take part in cutting edge projects please send your cv to office@primesourcing.ro

the junior software developer is part of a development team building and working on enterprise grade software systems on top of the several development stacks (.net, java, javascript).
the junior software developer is involved in all areas of development from design to development to testing.
required skills / experience with:
preparing reports, manuals and other documentation on the status, operation and maintenance of software.
design, develop, and unit test applications in accordance with established standards.
working with teammates in the migration of older applications to current technologies.
developing, refining, and tuning integrations between applications.
analyzing and resolving technical and application problems.
adhering to high-quality development principles while delivering solutions on-time and on-budget.
providing third-level support to business users.
strong desire to learn core competency requirements
solid understanding of object oriented programming concepts
solid understanding of relational database design and querying concepts
familiarity with version control concepts
exposure to microsoft .net development using c#
exposure to web development using html5, css and javascript
knowledge of client/server application development
knowledge of agile development methodologies
knowledge of unit testing theor
we offer:
attractive salary package
cool projects to work on"
17,4, Fullstack Developer (Node.JS & React), https://ro.linkedin.com/jobs/view/fullstack-developer-node-js-react-at-mindpal-3706084190?position=5&pageNum=0&refId=xRWY5%2FyVZaJ7%2BE6cABrdsw%3D%3D&trackingId=%2BEN9csCyG8o3h65JuWkIDg%3D%3D&trk=public_jobs_jserp-result_search-card, MindPal," Bucharest, Romania"," we are seeking a skilled node.js and react developer

if you are passionate about web development and have a solid understanding of both node.js and react, we'd love to know you better!

responsibilities

develop and maintain efficient and scalable web applications using node.js and react
collaborate with cross-functional teams to define, design, and ship new features
troubleshoot and resolve software defects and issues
optimize application performance for maximum speed and scalability
stay updated with industry trends and emerging technologies

requirements

at least 2 years of professional experience as a node.js and react developer
strong proficiency in node.js and react frameworks
solid understanding of javascript, html, and css
experience with restful apis and third-party libraries
familiarity with version control systems (e.g., git)
strong problem-solving and debugging skills
ability to work independently and collaboratively in a team environment
excellent communication and interpersonal skills

we offer

b2b contract type
full-time job
remote and flexible working hours"
5,5, Software Developer, https://ro.indeed.com/rc/clk?jk=5b960838d2a0e32d&bb=WL2FuPauXtgRj_-B89iTvIVEI0y1MsxsJC5yQQ_MMGuDT2dqXaRe5QmVxG-JFsPA7GXSacx9WjpbajNaK0YUuIt6_AnrdJSZGBEwe4ETmF7NFiG7bgyrwXi6Omc5xUmZ&xkcb=SoBH67M3-ak2PxRUip0ObzkdCdPP&fccid=774af43277ae7ad5&vjs=3, Systematic, București," software developer for the library&learning team

would you like to contribute to developing/delivering integrated, innovative library solutions, using and adapting the systematic development process to ensure highest quality of our products?

the project

we are looking for a software developer highly motivated and ready to contribute to bringing libraries and educational institutions to the next level of digital capabilities as part of a large distributed team consisting of developers, architects, user experience designers, testers and project managers!

systematic in romania is a rapidly growing company, where you will find an open-minded working environment, with strong focus on our employees and their wellbeing. in systematic you have the opportunity to both contribute with your experience and further develop your skills.

in the beginning of the employment, please expect to travel to denmark for approximately 2 weeks. the stay in aarhus is required to attend an onboarding course and to be acquainted with the company, culture, the project, and the team.

here is a taste of what you will be doing

as a software developer in the library&learning team, you will work with our colleagues in bucharest and denmark on existing code as well as developing brand-new features:

understand the user and his world, translating knowledge of users in the solution
estimate individual tasks, features and projects throughout
write high quality code
implement unit- and integration test for features based on the test design
test to an appropriate extent, deploying automatically test when possible
write documentation and work with process development
troubleshoot and debugg

our ideal candidate would:

have at least 2 years of experience in software development
have a preference for agile environments and previous experience with scrum/ kanban
possess a great drive and commitment, have a positive approach to things and demonstrate good communication skills
like to be an integral part of a team, demonstrating willingness to share knowledge and work closely with others
be quality oriented, and work together with the team to test and secure high quality
be proactive, responsible, result oriented, and appreciate a autonomy in organizing own work
last but not least, we are looking for a strong team player, who is aware of own strengths and weaknesses and thrives on close co-operation with the team and colleagues across the organisation. we succeed as a team and we fail as a team!

requierd expertise

solid knowledge of at least 1 programming language (e.g. java, typescript) and quickly assimilating new programming languages
previous experience with modern frontend technologies/frameworks (e.g. angular, react, javafx, html, css/scss, ecma 6, angularjs, vuejs)
programming experience using java platform (i.e. java se 8+, java ee 8+)
hands-on experience with ci/cd tools (preferably teamcity)
specific working experience with code repositories (preferably bitbucket/git), with java ide (preferably intellij idea), and with collaboration tools/ applications (preferably, but not limited to atlassian stack – confluence, jira)
working knowledge on databases (e.g., microsoft sql server, postgresql)
automated testing (preferably junit 5+, mockito, assertj, jasmine/karma)
strong command of the english language, both speaking and writing
it would be considered an advantage if you have experience with:

keycloak
microservices
reactive programming (rxjs)
state management (i.e. ngrx, rxjs)
docker, docker compose, kubernetes
elasticsearch
kafka
solr
shell scripting (e.g. bash)
integration testing (e.g. playwright)
what we offer:

at systematic, we focus on both personal and professional growth within a stable and innovative work environment that prioritizes employee well-being
up to 23 vacation days, 21 days standard to which 2 more days can be added if you have more than 10 years of work experience.
24h (3 days) extra per year for personal time off for all employees.
access to wellness and well-being services through dedicated platforms
we foster a sense of community and connection through a range of events, including out-of-office gatherings with your colleagues and access to systematic's tech events and corporate activities during office hours.
enjoy daily fresh meals, fruits, pastries, and beverages in our canteen and delightful terrace.
a flexible benefits program - you can mix your benefits by choosing from different kind of services on a very dynamic platform – benefit online, such as:
private medical subscription - you can choose from 3 providers
private pension
meal or vacation vouchers
gym subscription.
practical information

hybrid setup: office and remote work
our team is based in romania and denmark, with collaboration and occasional travel between the two locations, so you should expect 2-4 weeks of travel per year.
please note that you must be able to present a clean criminal record and have lived in a nato/eu country for the past seven years as we work with security-classified projects. read more here.
we will be assessing applications on an ongoing basis as we wish to fill the position as soon as possible.
if you have any questions, you are always welcome to contact andra antochi, talent acquisition consultant (andra.maria.antochi@systematic.com) for more information about the position.
read more about our recruitment process and what we value in a cv and cover letter here: https://systematic.com/en-gb/careers/how-to-apply/
get in touch
andra antochi
talent acquisition consultant

location: bucharest, ro
division: l&l operations & sales
get to know us
career in systematic
recruitment process
more than software
our business"
18,5, Software Engineer, https://ro.linkedin.com/jobs/view/%E2%80%8B%E2%80%8Bsoftware-engineer-at-microsoft-3910645642?position=6&pageNum=0&refId=xRWY5%2FyVZaJ7%2BE6cABrdsw%3D%3D&trackingId=n4jnXeSbM5%2FZnYpKoYGCyQ%3D%3D&trk=public_jobs_jserp-result_search-card, Microsoft," Bucharest, Romania"," interested in working on cloud-native open-source at a leading hyper-scale cloud? passionate about distributed systems and building high-scale services? azure is looking for engineers with knowledge and interest in building the next generation of cloud native solutions using web assembly and hypervisor isolation. you can help build the future of cloud-native compute not only at microsoft, but also in the broader open-source community!

as a software engineer, you will be responsible for designing, building, and deploying cloud-native solutions. you will be collaborating with other engineers to create designs and getting buy-in from the rest of the company and community, often in the bytecode alliance and the cloud native computing foundation. this opportunity will allow you to collaborate across team and organizational boundaries.

microsoft’s mission is to empower every person and every organization on the planet to achieve more. as employees we come together with a growth mindset, innovate to empower others, and collaborate to realize our shared goals. each day we build on our values of respect, integrity, and accountability to create a culture of inclusion where everyone can thrive at work and beyond.

responsibilities

partner with product managers, business stakeholders, and users to understand user pain points deeply and create innovative solutions that delight your customers in an agile development environment.
passionate about distributed systems and building high-scale services.
enjoys new technological challenges and excels at solving them.
strive for excellence in everything you do: culture, collaboration, process, tools, design, engineering practices, customer experience, performance, security etc.
acts as a designated responsible individual (dri) working on-call to monitor system/product feature/service for degradation, downtime, or interruptions and gains approval to restore system/product/service for simple problems.
remains current in skills by investing time and effort into staying abreast of current developments that will improve the availability, reliability, efficiency, observability, and performance of products while also driving consistency in monitoring and operations at scale.

qualifications

required qualifications:

bachelor's degree in computer science, or related technical discipline and 2+ years technical engineering experience with coding in languages including, but not limited to rust, c, c++, c#, java, javascript, or python or equivalent experience.
experience on projects working with rust.
experience with hypervisors and secure isolation of workloads.

other requirements

ability to meet microsoft, customer and/or government security screening requirements are required for this role. these requirements include, but are not limited to the following specialized security screenings:
microsoft cloud background check: this position will be required to pass the microsoft cloud background check upon hire/transfer and every two years thereafter.
preferred qualification

1+ years of rust experience with open source contributions
experience with hyper-v, kvm, and / or cloud hypervisor.

microsoft is an equal opportunity employer. consistent with applicable law, all qualified applicants will receive consideration for employment without regard to age, ancestry, citizenship, color, family or medical care leave, gender identity or expression, genetic information, immigration status, marital status, medical condition, national origin, physical or mental disability, political affiliation, protected veteran or military status, race, ethnicity, religion, sex (including pregnancy), sexual orientation, or any other characteristic protected by applicable local laws, regulations and ordinances. if you need assistance and/or a reasonable accommodation due to a disability during the application process, read more about requesting accommodations."
19,6, Software Engineer, https://ro.linkedin.com/jobs/view/software-engineer-at-microsoft-3918592419?position=7&pageNum=0&refId=xRWY5%2FyVZaJ7%2BE6cABrdsw%3D%3D&trackingId=tp6Pg6rC8GNxzPY0xmqvkg%3D%3D&trk=public_jobs_jserp-result_search-card, Microsoft," Bucharest, Romania"," are you passionate about developing top-notch solutions for azure container instances customers? if so, we have an exciting opportunity for you! azure container instances is at the forefront of innovation, leveraging cutting-edge technologies to deliver exceptional solutions to azure customers.

as a software engineer, on the azure container instances team, you will have the chance to work across various layers of the technology stack. from enhancing the user experience for our customers to building scalable distributed cloud services that handle traffic from customers to azure container instances, your responsibilities will span the entire spectrum. this opportunity will allow you to be involved in designing and implementing solutions that cater to global services operating at a massive scale. collaboration is at the heart of our team, and you will work alongside a diverse group of individuals who embrace challenges, value continuous learning, and thrive in a collaborative environment. additionally, this role offers mentorship opportunities, career growth prospects, and involvement in high-impact areas of the business.

microsoft’s mission is to empower every person and every organization on the planet to achieve more. as employees we come together with a growth mindset, innovate to empower others, and collaborate to realize our shared goals. each day we build on our values of respect, integrity, and accountability to create a culture of inclusion where everyone can thrive at work and beyond.

responsibilities

works with appropriate stakeholders to determine user requirements for a feature.
supports identification of dependencies, and the development of design documents for a product feature with oversight.
with guidance, learns to create and implement code for a product, service, or feature reusing code as applicable.
assists and learns about breaking down work items into tasks and provides estimation.
assists in monitoring system/product feature/service for degradation, downtime, or interruptions for simple problems, and recommends actions to restore system/product/service by following the playbook.
reviews current developments and proactively seeks new knowledge that will improve the availability, reliability, efficiency, observability, and performance of products while also driving consistency in monitoring and operations at scale.

qualifications

required qualifications:

bachelor's degree in computer science, or related technical discipline with proven experience coding in languages including, but not limited to, c, c++, c#, java, golang or rust
or equivalent experience
other requirements

ability to meet microsoft, customer and/or government security screening requirements are required for this role. these requirements include, but are not limited to the following specialized security screenings:
microsoft cloud background check: this position will be required to pass the microsoft cloud background check upon hire/transfer and every two years thereafter.
preferred qualifications

bachelor's degree in computer science
or related technical field and 4+ years technical engineering experience with coding in languages including, but not limited to, c, c++, c#, java, javascript,
or master's degree in computer science or related technical field and 2+ years technical engineering experience with coding in languages including, but not limited to, c, c++, c#, java, golang or rust
or equivalent experience
familiarity with cloud computing concepts and technologies, either on azure or another cloud
experience with containers
#azurecorejobs

microsoft is an equal opportunity employer. consistent with applicable law, all qualified applicants will receive consideration for employment without regard to age, ancestry, citizenship, color, family or medical care leave, gender identity or expression, genetic information, immigration status, marital status, medical condition, national origin, physical or mental disability, political affiliation, protected veteran or military status, race, ethnicity, religion, sex (including pregnancy), sexual orientation, or any other characteristic protected by applicable local laws, regulations and ordinances. if you need assistance and/or a reasonable accommodation due to a disability during the application process, read more about requesting accommodations."
6,6, Junior Java Developer, https://ro.indeed.com/rc/clk?jk=57168e64858b0660&bb=WL2FuPauXtgRj_-B89iTvAU8yTnMl7mMgoRw-pMDSoBqgnZFkENm09rMppsW-32SahEn1T_Rthw3jwHcCsrSpGraDJ0dHPXQkmyKNghEgwh2winoq4AFKp07VZ7bLvFz&xkcb=SoDa67M3-ak2PxRUip0NbzkdCdPP&fccid=7de96d41156df8d1&vjs=3, E-dea Works, București," job description
develop and customize the software according to client requirements.
software project support and maintenance.
identify and resolve client concerns
working with us
active and challenging environment.
learn new technologies.
skill development.
improve your english skills.
friendly environment to work in.
flexible working hours.
benefits
salary is reviewed 2 times a year based on employee’s performance .
bonus based on staff performance.
company trip once a year.
private health insurance.
daily meal at excellent price
build a stable career with dynamic promotion and job opportunities.
requirements
student or bachelor’s degree in computer science or related field.
know to program in java
knowledge about database queries (mysql, oracle, postgres)
good analytical skills
considered a plus
experience with various code versioning systems, such as subversion
knowledge of german language"
7,7," Software Engineer, Angular Web Developer", https://ro.indeed.com/rc/clk?jk=fdd510b17b35ecbd&bb=WL2FuPauXtgRj_-B89iTvGHNL1ZfQwKSjJ9x1uhnlm7ViOgychi05kbkuOWBUsGfHUfVUZSZtj3MCxhK-xTE2ZV-oBraTUO7gLuEQA0EtSaRXN-EuDC8GNi8Mpavdh73&xkcb=SoBu67M3-ak2PxRUip0MbzkdCdPP&fccid=2d0740e02e80cf22&vjs=3, Airbus Defence and Space Romania SRL, București," job description:
software engineer, angular web developer
airbus defense and space is one of the three divisions of the airbus group and europe’s number 1 defense and space company. it is the world’s second largest space company and one of the top 10 defense companies globally. airbus defense and space develops and engineers cutting-edge and peerlessly reliable products in the field of defense and space. its defense and space technologies enable governments and institutions to protect natural resources, societies and individual freedom.
www.airbusdefenceandspace.com
interest group:
software engineer, frontend developer
contract type/working time:
permanent
work experience:
min 5 years
we are looking for a software engineer, angular web developer to become part of the airbus defence and space romania team.
responsibilities :
design and development of core application modules
maintain project technical infrastructure (ci/cd)
task decomposition and estimation
bug fixing, test writing
peer review, mentoring
contribute to existing documentation and debug/track/ resolve issues by analyzing the sources of issues and implementing solutions
requirements :
experienced in angular framework, angularjs, redux and graphql technologies
experienced with data-structures and algorithms
experience with front-end frameworks, full-stack development and/or api development
good understanding in software design patterns
write tests and are familiar with ci/cd tools
nice to have:
experience in typescript, css, html
experience with version control systems, git
familiar with virtualization tools like docker and cluster technologies like k8s
familiar with agile methodology and with tools like jira, confluence
familiar with other programming languages like react, java, python
experience in other web frontend technologies would be considered a plus
what’s in it for you?
a great place to develop your career
exciting and meaningful projects
continuous education and training
attractive compensation package
performance related bonus
this job requires an awareness of any potential compliance risks and a commitment to act with integrity, as the foundation for the company’s success, reputation and sustainable growth.
company:
airbus defence and space romania srl
employment type:
permanent
-
experience level:
professional
job family:
software engineering 
by submitting your cv or application you are consenting to airbus using and storing information about you for monitoring purposes relating to your application or future employment. this information will only be used by airbus.
airbus is committed to achieving workforce diversity and creating an inclusive working environment. we welcome all applications irrespective of social and cultural background, age, gender, disability, sexual orientation or religious belief.
airbus is, and always has been, committed to equal opportunities for all. as such, we will never ask for any type of monetary exchange in the frame of a recruitment process. any impersonation of airbus to do so should be reported to emsom@airbus.com .
at airbus, we support you to work, connect and collaborate more easily and flexibly. wherever possible, we foster flexible working arrangements to stimulate innovative thinking."
8,8," Software Developer, Backend", https://ro.indeed.com/rc/clk?jk=898b5e6916edb02d&bb=WL2FuPauXtgRj_-B89iTvKKJARVW9r92QRpSCIPfVGHEOgIyHr4gGgNGaAkQHgrExObIMMIoZFdGEeHBqsYGlPLfUkVUpIKzuY004fQ_dSNbudvvVSHh9mL4JMNIuMkq&xkcb=SoCH67M3-ak2PxRUip0DbzkdCdPP&fccid=cc35cdc10c90c921&vjs=3, Hootsuite, București," we're looking for a software developer who can design, build, test, and ship high quality software that delivers value to our customers. you'll work on a small and agile team that continuously incorporates feedback to refine and improve the products and features you deliver. your team will own the entire delivery lifecycle from beta releases to production ready, scalable products suitable for new and existing customers. while working in a hybrid work arrangement, a blend of virtual (in accordance with hootsuite's distributed workforce strategy), and in hootsuite's rome, milan, or bucharest office, you will report to manager, software development.

what you'll do:
work within a cross-functional team (including designers, product managers, architects and other developers) to deliver compelling products and services to our customers
design, write, test, and deploy high quality scalable code
implement our technical roadmap as we scale our services and build new products
maintain standards of security, reliability, performance, and quality
work out loud by sharing your experiences and expertise, helping to improve and enhance processes
take ownership of your work and work autonomously when necessary
participate in code reviews, and apply software development best practices
write production code for our search and analytics engine running on more than 1000 servers, and processing petabytes of data each day. we currently index multiple million unique new posts per day. our search archive has over 1 pb of data and we add each day over 1 tb of new data.
work with the following technologies: mainly with java, elasticsearch, docker, jenkins, kafka, cassandra, domain driven design, event sourcing, test driven design and agile

what you'll need:
a degree in computer science or engineering, and some practical or relevant experience in developing and maintaining software or an equivalent level of education or work experience, and a track record of substantial contributions to software projects with high business impact
you are proficient in java or a similar language and have a desire to learn other languages
you have a deep understanding of language dependent search, statistics, ranking, categorization, faceted search, live updates of metadata, complex query analysers, query plan optimisation and caching.
you understand distributed systems and how to work in clustered high throughput / high availability environments
you have experience in software design: you know how to analyze and design features, drive discussions, and propose technical solutions.
you have been a solid contributor in teams that have worked on medium-to-large sized projects that had an impact on business; an understanding of saas software development practice is considered an asset.
you know how to apply best practices to ensure high-quality code (i.e. automated tests; code reviews).
open communication: clearly conveys thoughts, both written and verbally, listening attentively and asking questions for clarification and understanding
collaboration and teamwork: works with others to deliver results, meaningfully contributing to the team and prioritizing group needs over individual needs
self development: is personally committed to, and actively works to continuously improve
problem solving: uses an organized and logical approach to find solutions to complex problems and looks beyond the obvious to understand the root cause of problems and proposes several possible solutions
resilience, tolerance for change/ambiguity: can effectively cope with change, finding ways to advance work and projects

who you are:
tenacious. you are determined to succeed, and you are motivated by the success of customers, colleagues and the community.
curious. you are always learning and seeking ways to make things better.
conscientious. you keep your promises, taking your commitments to others seriously, and you have strong integrity.
humble. you lead with humility and empathy, respecting and learning from the perspectives of others.
accommodations will be provided as requested by candidates taking part in all aspects of the selection process.

#li-zt1"
9,9, C# Software Developer, https://ro.indeed.com/rc/clk?jk=85d61ed076059c1d&bb=WL2FuPauXtgRj_-B89iTvOlUFnapvGVb59kvh5o5LRyvaRv5l6zpbJEE-Vn8QpCPNkuKLplaAwB1f2hmT0eH4zRiY_nf-2OcodDx3d1pYrBLp1SBYjQu4ln0qlRxT5u3&xkcb=SoAz67M3-ak2PxRUip0CbzkdCdPP&fccid=62aaa121d3b74282&vjs=3, Applied Software Technology, București," romania
bucuresti
r&d
regular full-time
1627

job description
about graitec group

graitec group company is a global software editor leading building information modeling (bim) solutions and helping its architectural, engineering, construction, and manufacturing customers to digitize and industrialize their processes to improve performance and build a sustainable tomorrow.

ambitious and fast-growing environment: we see ourselves as a 30 years old startup, having doubled our revenue in the last 3 years again thanks to both organic and inorganic growth and targeting 500m€ revenue in 2024 (join us to make it happen!).
we strongly believe that this growth will continue since the market is only at the beginning of its digitization.
experts & talents with strong culture: our team is made of more than 700 outstanding talents with a strong management team to execute our mission.
a true international group: graitec serves more than 200 000 customers worldwide with +50 offices in 13 different countries, enabling us to meet our customer needs around the globe
a market leader: we are one of the largest autodesk platinum partners and the only one operating at worldwide scale with an equal split of the business between europe and north america, enabling autodesk solutions thanks to our own graitec softwares
strong products serving the construction & manufacturing industries: through autodesk products add-ons like powerpack to more complex solutions to enable simulation, fabrication & management of our customers projects, graitec is proud of its 150+ developers innovating each day to accelerate our customers performance.

we are driven to hire the best people, with diverse experiences, and provide them with the resources that empower them to achieve their full potential. this ultimately enables our organization to provide the very best customer experience and solutions that help our customers navigate and implement technologies and services that prepare them for sustainable growth.


about the team hiring

as a manufacturer of high-performance bim applications, graitec focuses its energy in becoming a truly international design, simulation, fabrication and data management software developer for the construction industry around the world.
the r&d division of graitec is a diverse, multicultural environment, with a wide range of experienced professionals, with strong technical / interpersonal skills and a dedication to excellence. cantered in romania, the r&d team also operates locally, in france, uk, canada, czech republic, germany and poland, working alongside the product management team in offering top-notch solutions to the aec sector.
we offer a rewarding working environment, together with comprehensive and ongoing learning, where personal initiative and development are encouraged and the freedom in implementing ideas that people consider beneficial for the company’s activity.


overview

role purpose/objective
software developers are responsible for writing and implementing efficient code for new or existing software inside graitec product portfolio: researching, designing, implementing, and managing software programs, testing and evaluating, identifying areas for modification in existing programs and developing these modifications.

key responsibilities development:
has a global understanding of the architecture of allocated applications
ensure clear and structured programming, keeping performance, maintenance and compatibility requirements in mind
develops software programs, modules, and algorithms for projects, following the specific requirements and company guidelines;
designs, implements and modifies the structure of the databases necessary to achieve the required implementations;
is preoccupied with ensuring the best possible quality of implementations;
maintains existing programs by making changes following requirements;
configures the applications necessary to carry out the activity;
writes specifications for the development of computer programs and describes the architecture of the developed component;
submits technical reports for developments or for other topics of interest for ongoing projects;
makes proposals for software research and development topics. testing · creates automatic tests for the carried-out implementations;
tests the carried-out implementations/modifications;
documents the source code;
meets programming, documentation, and testing standards and conventions;
promptly solves the problems that arise in the area of competence;

key metrics:
delivery of development on time as expected by manager
minimal return rate from testing team on your development that translate into high quality production
bugs tracked and fixed in timely manner for allocated development
complete 2 trainings per year as defined in developers’ roadmap

responsibilities

mandatory experience:
2+ years of relevant experience as a software developer
proficiency in c# with a fair knowledge of the language specification.
experience in object-oriented programming (oop): encapsulation, inheritance, polymorphism, templates.
experience with microsoft sql server, mysql or oracle databases
experience in agile team setup, e.g. scrum and/or kanban
reading and interpreting pre-existing code
experience of applying automation tools for building software, testing, and deployment
proven experience of the software development lifecycle in a commercial environment.
a track record of delivering complex technical solutions to production use
nice to have:
experience with source control systems, such as git or svn
previous experience with cloud technologies, (private or public)
infrastructure and devops tools knowledge: azure devops, git, ci/cd etc

qualifications
bachelor’s degree/student in computer science, computer engineering or equivalent
fluency in english (spoken/written);
organized with the ability to prioritize own workload and adhere to deadlines.
ability to work as part of a team with good communication skills
strong troubleshooting and problem-solving skills
attention to details
self-taught, pro-active and self-motivated
ability to share their knowledge

interview process

we are looking for talents that will enjoy, live and accelerate our culture and values.

at graitec, we work together locally & globally with an entrepreneurial mindset.
as entrepreneurs, we are focused on achieving our vision and do not easily get distracted along the way. we believe in our products
and services and that we are on a path to solve a real problem for our target customers & the overall industry. we are thoughtful on
our investments and lead ethically to maximize the company opportunity. to better understand them, we want to represent the
diversity of our customers around the globe & we are breaking our own siloes to better serve them.

to make this culture a reality, we rally our teams around shared cultural attributes we expect the full team to role model in order to realize our mission: · the way we work: growth, agility, innovation and responsibility · the way we behave: ambition, engagement, one graitec, positive energy at graitec, we’re proud to be committed to diversity and inclusion in the workplace. we value our employees for the individuals they are and the contributions they can bring to our teams by bringing their authentic self at work. this resonates with the large variety of customers & markets we operate in, and is part of our success story. as such, we welcome applications from all backgrounds and will not make any assessment into the application process other than candidates’ skills and capabilities to succeed in role.

interview process:
screening/get to know discussion
technical assessment
peer of hiring manager or key stakeholder to the role from another organization"
10,11, Junior Php Developer, https://ro.indeed.com/rc/clk?jk=8cb033ec2a994de4&bb=WL2FuPauXtgRj_-B89iTvPi-B9x1uxNqmVN4uhOAq19Uk9BqNqxAW88iuaaqbXiZ8G-QAdJhqv3qefnToP8yjA8mMVePRFF8BQFGRVLVOKf9ar_lmrMxypHcwUnoXjog&xkcb=SoAa67M3-ak2PxRUip0AbzkdCdPP&fccid=7de96d41156df8d1&vjs=3, E-dea Works, București," job description
develop and customize php software according to client requirements.
software project support and maintenance.
identify and resolve client concerns
work with zend framework, laravel, symphony
working with us
active and challenging environment.
learn new technologies.
skill development.
improve your english skills.
friendly environment to work in.
flexible working hours.
benefits
salary is reviewed 2 times a year based on employee’s performance .
bonus based on staff performance.
company trip once a year.
private health insurance.
daily meal at excellent price
build a stable career with dynamic promotion and job opportunities.
requirements
student or bachelor’s degree in computer science or related field.
know to program in any programming language
good analytical skills
considered a plus
knowledge about database queries (mysql, oracle, postgres)
experience with various code versioning systems, such as subversion
knowledge of german language"
11,12, IT Software Engineer, https://ro.indeed.com/rc/clk?jk=3430cbef2ae65c25&bb=WL2FuPauXtgRj_-B89iTvIaBZiQxNvZ3co2y2XZGIFwW1nSzTe2EMXko3SoHIML0BaE9KN1gTbLhT5FA8HdjF94JYZx1y7crYeD9EMnqDXWsQmVRHIQx5Q%3D%3D&xkcb=SoCU67M3-ak2PxRUip0HbzkdCdPP&fccid=2da0dedf6df97194&vjs=3, Procter & Gamble, București," job location
bucharest
job description
are you looking to grow your career as a software engineer who wants to work on a large scale to drive significant business impact?
do you want to join a team of it professionals who bring groundbreaking, technology-based capabilities, and business models to life?
do you want to join a team of it professionals engineering products that will be used by millions of consumers around the world?
procter & gamble is looking for a skilled and innovative software developer to join our dynamic development team.
you will be responsible for designing, developing, and maintaining high-quality software applications that meet our clients' needs.
you will collaborate closely with cross-functional teams to analyze requirements, propose solutions, and implement robust software solutions.
responsibilities:
depending on the project, you will develop high-quality, scalable, and efficient software applications using various programming languages such as c#, java ,react or python. can also work with frameworks / low code platforms (boomi, solace, thingworx, power bi) and data intelligence platforms such as databricks;
collaborate with cross functional teams and with stakeholders to gather and analyze software requirements, ensuring a thorough understanding of project objectives.
design and implement software solutions that adhere to industry best practices, coding standards, and project guidelines;
perform thorough testing and debugging of software applications to ensure optimal functionality and performance;
continuously optimize software applications to improve efficiency, scalability, and user experience;
stay up-to-date with emerging technologies and trends in software development, applying them to enhance our development processes;
collaborate effectively with cross-functional teams, including designers, product managers, and qa engineers, to deliver high-quality software solutions;
provide technical guidance and mentorship to junior developers, fostering a collaborative and supportive team environment;
document software design, development processes, and project progress to facilitate future enhancements and maintenance;
becoming part of p&g, you will benefit of:
competitive salary package, annual bonus and vacation bonus
private medical insurance & life insurance & 24 hours accident insurance
stock ownership plan - you have the opportunity to buy p&g shares quoted on the new york stock exchange to participate in the profits of the company and the company will match part of the investments
flexible working schedule & hybrid work from home/work from office option
meal allowance and access to our private canteen
sports program – will allow you to reimburse sport activities
dental & glasses plan - will allow you to reimburse dental and ophthalmological care
access to a variety of learning and development platforms, including bookster, linkedin learning, harvard business review etc.
fresh fruits every day in the office
employee assistance program – confidential expert guidance and specialist support on any work, wellbeing, emotional, financial, physical or family issue.
parental support - additional salary protection
job qualifications
a first experience or practice in software development using as c#, java, react or python;
a first experience using ci/cd tools (github actions, azure pipelines etc.);
knowledge in scrum and devops methodologies;
a bachelors or master’s degree in computer science, mathematics, informatics, engineering or related stem field;
fluent in english;
nice to have qualifications:
hands-on development experience in .net and c# framework or other languages such as java, python;
experience with web services, javascript frameworks (angular, react) or spring, xml, rest technologies;
experience with git, jira, azure devops;
detail-oriented mindset, with a focus on delivering high-quality and well-structured code;
for the low code roles familiarity with thingworx, an industrial iot platform that enables rapid application development and deployment and powerbi would be considered a plus;
any experience with cloud native development on microsoft azure, amazon web services, or google cloud platform;
experience with low code boomi platform;
understand ci/cd tools and familiar working in a devops environment;
ability to communicate technical concepts to teammates and non-technical colleagues;
about us:
we produce globally recognized brands, and we grow the best business leaders in the industry. with a portfolio of trusted brands as diverse as ours, it is paramount our leaders are able to lead with courage the vast array of brands, categories and functions. we serve consumers around the world with one of the strongest portfolios of trusted, quality, leadership brands, including always®, ariel®, gillette®, head & shoulders®, herbal essences®, oral-b®, pampers®, pantene®, tampax® and more. our community includes operations in approximately 70 countries worldwide.

visit http://www.pg.com to know more.
our consumers are diverse and our talents - internally - mirror this diversity to best serve it. that is why we’re committed to building a winning culture based on inclusion and our ideal candidate is passionate about the same principle: you will join our daily effort of being “in touch” so we craft brands and products to improve the lives of the world’s consumers now and in the future. we want you to inspire us with your unrivalled ideas.

we are committed to providing equal opportunities in employment. we do not discriminate against individuals on the basis of race, color, gender, age, national origin, religion, sexual orientation, gender identity or expression, marital status, citizenship, disability, veteran status, hiv/aids status, or any other legally protected factor.
job schedule
full time
job number
r000107070
job segmentation
recent grads/entry level (job segmentation)"
12,14, Machine Learning Developer, https://ro.indeed.com/rc/clk?jk=5655984e5aff488a&bb=WL2FuPauXtgRj_-B89iTvPhNkCAAugRBD0IMcZs8diJMm2GLiTGO4GsA425vKE2XiJaBpXXebOvTGScTOaOtYb2c5knZHolDFKIeIsC3zNCJUFkMTlFzaGUWcJ8rXaDb&xkcb=SoC967M3-ak2PxRUip0FbzkdCdPP&fccid=47b7b1a8eb1df12a&cmp=ALTAMETRICS&ti=Machine+Learning+Engineer&vjs=3, ALTAMETRICS, București," machine learning developer/machine vision engineer
location: remote (romania)
work schedule: pacific standard time
about us:
altametrics provides a comprehensive product line of enterprise software and professional services catering to the needs of various departments and executive management of corporate clients. our cloud-based software solutions are designed for quick deployment, scalability, reliability, and availability. we offer industry-leading consulting, professional services, development, engineering, training, and support. job description:
we are seeking highly skilled machine learning developers and machine vision developers to join our team. as a developer at altametrics, you will work on cutting-edge ai applications, focusing on facial recognition and predictive behavior features for various applications. you will be responsible for developing, implementing, and maintaining machine learning algorithms and computer vision models. responsibilities:- design, develop, and deploy machine learning models and computer vision algorithms.
- collaborate with cross-functional teams to integrate ai features into applications.
- designing ml systems tailored to client needs.
- researching and implementing state-of-the-art ml algorithms and tools.
- creating and deploying machine learning models.
- collaborating with cross-functional teams to integrate ml features into applications.
- retraining systems as needed to maintain performance and relevance requirements:
master's or doctoral degrees in computer vision, machine learning, data science with a focus on artificial intelligence, or related fields.
minimum of 3 years of experience in machine learning or computer vision development.
proficiency in machine learning, image learning, large language model retraining and deployment.
strong understanding of machine learning algorithms, deep learning architectures, and computer vision techniques.
experience with facial recognition, predictive behavior modeling, or related ai applications is preferred.
excellent problem-solving skills and ability to work independently as well as part of a team.
effective communication skills and ability to collaborate operations across pst time zones.
job type: full-time
pay: 230,000.00ron - 270,000.00ron per year
education:
bachelor's (required)
experience:
machine learning: 1 year (required)"
